date,serial_number,failure,smart_5_raw,smart_187_raw,smart_188_raw,smart_197_raw,smart_198_raw
2016/1/1,S301146W,1,0,0,0,3128,3128
2016/1/1,W300L051,0,0,6,0,0,0
2016/1/1,Z300V5NZ,0,0,0,0,0,0
2016/1/1,W300DZCB,0,0,0,1,0,0
2016/1/1,Z304JCTQ,0,0,0,0,0,0
2016/1/1,Z3025LCN,1,0,0,0,0,0
2016/1/1,Z30054Q5,1,0,0,0,0,0
2016/1/1,Z300GPY9,1,0,0,0,0,0
2016/1/1,Z300KHN0,1,0,0,1,40,40
2016/1/1,Z3015V4D,1,0,0,1,56,56
2016/1/1,Z3025K64,1,0,0,0,40,40
2016/1/1,Z304JD7V,1,0,1,0,0,0
2016/1/1,Z302A14M,1,8,0,2,16,16
2016/1/1,S3007K7N,1,0,0,0,0,0
2016/1/1,W3006E5B,1,0,0,5,0,0
2016/1/1,Z3026RGL,0,0,0,0,0,0
2016/1/1,Z300KF9Z,0,0,0,0,0,0
2016/1/1,Z300GYN6,0,0,0,0,0,0
2016/1/1,Z300WF3E,1,0,1,0,32,32
2016/1/1,S300WFBB,0,0,0,0,0,0
2016/1/1,Z301Z0WP,0,0,0,0,0,0
2016/1/2,Z300WF3E,1,0,1,0,32,32
2016/1/2,Z3029FL1,0,0,0,0,0,0
2016/1/2,W300DCC5,0,0,0,0,0,0
2016/1/2,Z3041HCQ,0,0,0,2,0,0
2016/1/2,S3007K7N,1,0,0,0,0,0
2016/1/2,Z302A14M,1,8,0,2,96,96
2016/1/2,Z304JD7V,1,0,1,0,0,0
2016/1/2,Z300GPY9,1,0,0,0,0,0
2016/1/2,Z30054Q5,1,0,0,0,0,0
2016/1/2,Z3025LCN,1,0,1,0,8,8
2016/1/2,Z3025K64,1,0,0,0,32,32
2016/1/2,W300R7E6,0,0,0,0,0,0
2016/1/2,S300Z6LV,0,0,0,0,0,0
2016/1/2,Z3029GFP,0,0,0,0,0,0
2016/1/2,Z304JN3X,0,0,0,0,0,0
2016/1/2,Z3014PSZ,0,8,3,0,0,0
2016/1/2,Z303MC6R,0,0,0,0,0,0
2016/1/2,S301146W,1,0,168,0,3128,3128
2016/1/2,Z3024V73,0,0,0,0,0,0
2016/1/3,Z300GYN1,0,0,0,0,0,0
2016/1/3,S3007K7N,1,0,0,0,0,0
2016/1/3,W300C8F6,1,0,3,4295032833,8,8
2016/1/3,Z304JD7V,1,0,1,0,0,0
2016/1/3,Z3025K64,1,0,0,0,40,40
2016/1/3,W300BSKD,1,0,0,1,0,0
2016/1/3,Z30054Q5,1,0,0,0,0,0
2016/1/3,Z300X7EZ,1,28,0,0,28,28
2016/1/3,Z3015CR3,1,0,0,0,0,0
2016/1/3,Z300V4L2,0,0,0,0,0,0
2016/1/3,Z303RK24,1,1,65535,0,7,7
2016/1/3,S300Z5VB,0,0,0,0,0,0
2016/1/3,Z300WGAW,1,0,0,0,24,24
2016/1/3,Z300GZ1N,1,0,0,0,0,0
2016/1/3,Z30149MD,0,0,0,0,0,0
2016/1/4,Z3015CR3,1,0,0,0,0,0
2016/1/4,Z305B6Z4,0,0,0,0,0,0
2016/1/4,W300BPHD,0,0,0,0,0,0
2016/1/4,Z30111E7,0,0,0,0,0,0
2016/1/4,Z300X7EZ,1,28,0,0,28,28
2016/1/4,W300T2Q0,0,0,0,0,0,0
2016/1/4,Z304HTF7,0,0,0,0,0,0
2016/1/4,Z300GZ1N,1,0,0,0,0,0
2016/1/4,Z303RK24,1,1,65535,0,7,7
2016/1/4,S3007K7N,1,0,0,0,0,0
2016/1/4,Z30177M6,0,0,0,0,0,0
2016/1/4,Z300WGAW,1,0,0,0,24,24
2016/1/4,W300BSKD,1,0,0,1,0,0
2016/1/4,Z300ZQYJ,1,400,0,0,32,32
2016/1/4,Z304JD7V,1,8,4,0,0,0
2016/1/4,Z304HT8H,1,0,0,0,0,0
2016/1/4,Z300NK93,1,32,9,0,0,0
2016/1/4,W300C8F6,1,0,3,4295032833,8,8
2016/1/4,Z300NEXH,0,0,0,0,0,0
2016/1/5,W300C8F6,1,0,3,4295032833,8,8
2016/1/5,W300K14C,0,0,0,0,0,0
2016/1/5,S300YQTW,0,0,0,0,0,0
2016/1/5,S300Z5F4,0,0,0,0,0,0
2016/1/5,Z3015CL4,0,0,0,0,0,0
2016/1/5,Z300ZTKV,0,0,0,0,0,0
2016/1/5,Z303RK24,1,1,65535,0,7,7
2016/1/5,Z300GZ1N,1,0,0,0,0,0
2016/1/5,Z304GR9H,1,0,18,0,8,8
2016/1/5,Z3014A5Y,0,0,0,0,0,0
2016/1/5,Z300ZQYJ,1,400,0,0,32,32
2016/1/5,Z302B0ZW,0,0,0,0,0,0
2016/1/5,W300D36Z,1,0,0,0,8,8
2016/1/5,S301LBCC,0,0,0,0,0,0
2016/1/5,Z300GPWN,0,0,0,0,0,0
2016/1/5,Z3015CR3,1,0,0,0,0,0
2016/1/5,Z300X7EZ,1,28,0,0,28,28
2016/1/5,Z3029GT3,0,0,1,0,0,0
2016/1/5,W300BSKD,1,0,0,1,0,0
2016/1/5,Z304KAHY,0,0,0,0,0,0
2016/1/5,W300H36V,1,0,0,0,8,8
2016/1/5,S301GMWP,0,0,0,0,0,0
2016/1/5,S300XBH0,0,0,0,0,0,0
2016/1/5,Z300WGAW,1,0,0,0,32,32
2016/1/5,Z300NK93,1,32,9,0,0,0
2016/1/5,Z304HT8H,1,0,0,0,0,0
2016/1/6,W300BSKD,1,0,0,1,0,0
2016/1/6,W300D36Z,1,0,0,0,8,8
2016/1/6,S301NJ7F,0,0,0,0,0,0
2016/1/6,Z304HT8H,1,0,0,0,0,0
2016/1/6,Z304GHP3,0,0,0,0,0,0
2016/1/6,Z300GZ1N,1,0,0,0,0,0
2016/1/6,S301NBST,0,0,0,0,0,0
2016/1/6,Z3015CR3,1,0,0,0,0,0
2016/1/6,S3010BCL,0,0,0,0,0,0
2016/1/6,S301PS5R,0,0,0,0,0,0
2016/1/6,Z304GR9H,1,0,18,0,8,8
2016/1/6,Z303RK24,1,1,65535,0,7,7
2016/1/6,Z300ZQYJ,1,408,0,0,32,32
2016/1/6,Z300NK93,1,32,9,0,0,0
2016/1/6,Z300WGAW,1,0,0,0,32,32
2016/1/6,Z300X7EZ,1,28,0,0,28,28
2016/1/6,W300C8F6,1,0,3,4295032833,8,8
2016/1/6,W300H36V,1,0,0,0,24,24
2016/1/6,S300YPSL,0,0,0,0,0,0
2016/1/6,Z302EQEQ,0,0,0,0,0,0
2016/1/6,Z302T7YY,0,0,0,0,0,0
2016/1/7,W300H36V,1,0,0,0,24,24
2016/1/7,Z3041L93,1,0,0,0,0,0
2016/1/7,Z300ZQYJ,1,408,0,0,32,32
2016/1/7,Z304JH4B,0,0,0,0,0,0
2016/1/7,W30068RN,1,0,0,0,16,16
2016/1/7,S30112SG,0,0,0,0,0,0
2016/1/7,Z304HT8H,1,0,0,0,0,0
2016/1/7,W300D36Z,1,0,0,0,8,8
2016/1/7,Z3014A4S,1,0,0,0,16,16
2016/1/7,Z300YV8C,0,0,0,3,0,0
2016/1/7,S300Z7S3,0,0,0,0,0,0
2016/1/7,Z300NK93,1,32,9,0,0,0
2016/1/7,Z300CLJQ,0,0,0,0,0,0
2016/1/7,Z300P99L,1,0,0,0,16,16
2016/1/7,Z3016SP1,1,0,0,0,24,24
2016/1/7,Z304GR9H,1,0,18,0,8,8
2016/1/7,Z302E9ZW,0,0,0,0,0,0
2016/1/8,Z300P99L,1,0,0,0,32,32
2016/1/8,Z3029AM8,0,0,0,0,0,0
2016/1/8,Z3014A4S,1,0,0,0,32,32
2016/1/8,Z3013TQV,1,0,0,0,0,0
2016/1/8,Z304KCYT,0,0,0,0,0,0
2016/1/8,W300D36Z,1,0,6,0,0,0
2016/1/8,Z300XE6A,1,0,0,0,0,0
2016/1/8,W30068RN,1,0,0,0,40,40
2016/1/8,Z304GXL0,0,0,0,0,0,0
2016/1/8,Z302EPCN,0,0,0,0,0,0
2016/1/8,Z304GR9H,1,0,18,0,8,8
2016/1/8,Z3010BKK,0,0,0,0,0,0
2016/1/8,W300H36V,1,0,0,0,64,64
2016/1/8,S30085DP,0,0,0,0,0,0
2016/1/8,Z3041L93,1,0,0,0,0,0
2016/1/8,Z3016SP1,1,0,0,0,24,24
2016/1/9,Z3059HPZ,0,0,0,0,0,0
2016/1/9,Z3014A4S,1,0,0,0,32,32
2016/1/9,W30068RN,1,0,0,0,40,40
2016/1/9,Z3041L93,1,0,0,0,0,0
2016/1/9,Z302FE0H,0,0,0,0,0,0
2016/1/9,Z3013TQV,1,0,0,0,0,0
2016/1/9,Z300PAH6,0,0,0,0,0,0
2016/1/9,Z3016SP1,1,0,0,0,24,24
2016/1/9,Z300XE6A,1,0,0,0,0,0
2016/1/9,S30116TV,0,0,0,0,0,0
2016/1/9,Z300NPMS,0,0,0,0,0,0
2016/1/9,Z304HSCX,0,0,0,0,0,0
2016/1/9,Z302A0PG,0,0,0,0,0,0
2016/1/9,Z304L82L,0,0,0,0,0,0
2016/1/9,Z302ET7N,0,0,0,0,0,0
2016/1/9,S300Z75E,0,0,0,0,0,0
2016/1/9,Z3015Y4D,0,0,0,0,0,0
2016/1/9,Z303EKX1,0,0,0,0,0,0
2016/1/9,Z302B0RL,0,0,0,0,0,0
2016/1/9,Z300P99L,1,0,0,0,32,32
2016/1/9,Z302FZTY,1,0,0,0,8,8
2016/1/9,Z302CWNZ,0,0,0,0,0,0
2016/1/10,Z304JW14,0,0,0,0,0,0
2016/1/10,S301MKDN,0,0,0,0,0,0
2016/1/10,Z300PMK8,1,0,0,0,0,0
2016/1/10,Z3014A4S,1,32,0,0,72,72
2016/1/10,Z302FZTY,1,0,0,0,8,8
2016/1/10,Z3040EDS,0,0,0,0,0,0
2016/1/10,Z302SYW7,0,0,0,0,0,0
2016/1/10,Z3029FG7,1,0,26,0,0,0
2016/1/10,W30068RN,1,0,0,0,40,40
2016/1/10,Z300GPH9,1,0,0,0,16,16
2016/1/10,Z302G5F6,1,0,0,2,0,0
2016/1/10,Z300XE6A,1,0,0,0,0,0
2016/1/10,Z300P99L,1,0,0,0,32,32
2016/1/10,Z302AKVJ,1,0,0,0,0,0
2016/1/10,Z3016SP1,1,0,0,0,24,24
2016/1/10,Z3041L93,1,0,6,0,0,0
2016/1/10,Z3013TQV,1,0,0,0,0,0
2016/1/11,Z30270R9,0,0,0,0,0,0
2016/1/11,Z3013TQV,1,0,0,0,0,0
2016/1/11,Z300XE6A,1,0,0,0,0,0
2016/1/11,Z3026Q1N,0,0,0,0,0,0
2016/1/11,Z302AKVJ,1,0,0,0,16,16
2016/1/11,Z300PMK8,1,0,0,0,0,0
2016/1/11,Z302G5F6,1,0,0,2,0,0
2016/1/11,Z3029FG7,1,0,26,0,0,0
2016/1/11,Z300GPH9,1,0,0,0,16,16
2016/1/11,Z303ESFT,0,0,0,0,0,0
2016/1/11,Z302SXGA,0,0,0,0,0,0
2016/1/11,Z304TBRS,0,0,0,0,0,0
2016/1/11,S301PTL2,0,0,0,0,0,0
2016/1/11,Z3041DQ2,0,0,0,0,0,0
2016/1/11,Z302FZTY,1,0,0,0,8,8
2016/1/11,Z300X2TA,0,0,0,0,0,0
2016/1/12,Z300GPH9,1,0,0,0,272,272
2016/1/12,Z302FZTY,1,0,0,0,8,8
2016/1/12,Z300PMK8,1,0,0,0,0,0
2016/1/12,Z3016R9W,1,0,0,0,8,8
2016/1/12,Z302AKVJ,1,0,0,0,16,16
2016/1/12,Z300ZKE5,0,0,0,0,0,0
2016/1/12,Z3040HJ0,0,0,0,1,0,0
2016/1/12,Z300KCMM,1,0,0,0,24,24
2016/1/12,Z300CQXA,0,0,0,0,0,0
2016/1/12,Z304HSDY,0,0,0,0,0,0
2016/1/12,Z3029FG7,1,0,26,0,0,0
2016/1/12,Z300GQBH,0,0,0,0,0,0
2016/1/12,S301NB23,0,0,0,0,0,0
2016/1/12,Z30251LP,0,0,0,1,0,0
2016/1/12,Z302G5F6,1,0,0,2,32,32
2016/1/13,Z3016R9W,1,0,0,0,8,8
2016/1/13,Z300PMK8,1,0,0,0,0,0
2016/1/13,Z302B125,0,0,0,0,0,0
2016/1/13,Z300GPH9,1,0,0,0,360,360
2016/1/13,Z300ZTC2,0,0,0,0,0,0
2016/1/13,Z300KCMM,1,0,0,0,24,24
2016/1/13,Z304SZJ8,0,0,0,0,0,0
2016/1/13,Z302AKVJ,1,0,0,0,88,88
2016/1/13,Z302G5F6,1,0,0,2,32,32
2016/1/13,Z3029FG7,1,0,27,0,0,0
2016/1/13,S300Z5WW,0,0,0,0,0,0
2016/1/13,Z3016L1T,0,0,0,0,0,0
2016/1/13,S300XQWB,0,0,0,0,0,0
2016/1/13,Z30149VK,0,0,0,0,0,0
2016/1/13,Z3025Y0V,0,0,0,0,0,0
2016/1/13,Z300W28K,0,0,0,0,0,0
2016/1/14,Z30178YB,0,0,0,0,0,0
2016/1/14,Z305ASDK,0,0,0,0,0,0
2016/1/14,Z304HR08,0,0,0,0,0,0
2016/1/14,Z3015L3A,0,0,0,0,0,0
2016/1/14,S300Z5NM,0,0,0,0,0,0
2016/1/14,Z3029GXW,0,0,0,0,0,0
2016/1/14,Z300ZST1,1,0,0,1,8,8
2016/1/14,Z304J0T6,0,0,0,0,0,0
2016/1/14,W300BNW1,1,0,0,0,0,0
2016/1/14,Z30177ZE,1,0,0,0,16,16
2016/1/14,Z3014P58,1,0,0,16,0,0
2016/1/14,Z302511Z,1,0,0,0,0,0
2016/1/14,Z300KCMM,1,0,0,0,24,24
2016/1/14,Z3016R9W,1,0,0,0,8,8
2016/1/15,Z30177ZE,1,0,0,0,24,24
2016/1/15,S300VLN0,0,0,0,0,0,0
2016/1/15,S300Z0SV,0,0,0,0,0,0
2016/1/15,S30115CQ,0,0,0,0,0,0
2016/1/15,Z3016S3X,0,0,0,2,0,0
2016/1/15,Z300ZST1,1,0,0,1,8,8
2016/1/15,Z304KR12,0,0,0,0,0,0
2016/1/15,S300XSAN,0,0,0,0,0,0
2016/1/15,W300BNW1,1,0,0,0,0,0
2016/1/15,Z300WJR4,0,0,0,0,0,0
2016/1/15,Z300PLA3,0,0,0,0,0,0
2016/1/15,Z3016R9W,1,0,0,0,8,8
2016/1/15,Z303ZWQS,1,0,12,0,0,0
2016/1/15,Z300KCMM,1,0,0,0,32,32
2016/1/15,Z302511Z,1,0,0,0,0,0
2016/1/15,Z3014P58,1,0,0,16,8,8
2016/1/16,Z300ZST1,1,8,1,1,16,16
2016/1/16,Z3014P58,1,0,1,16,8,8
2016/1/16,Z302511Z,1,0,0,0,16,16
2016/1/16,Z303ZWQS,1,0,12,0,0,0
2016/1/16,W300SSCN,1,0,0,0,0,0
2016/1/16,Z30177ZE,1,0,6,0,16,16
2016/1/16,W300R7RJ,1,0,0,0,24,24
2016/1/16,Z3040DVP,1,0,0,0,8,8
2016/1/16,Z302AKLA,0,0,0,0,0,0
2016/1/16,S30117GN,0,0,0,0,0,0
2016/1/16,Z302SWYG,0,0,0,0,0,0
2016/1/16,Z3015DAD,0,0,0,0,0,0
2016/1/16,Z302E66L,0,0,0,5,0,0
2016/1/16,Z302FCVW,0,0,0,0,0,0
2016/1/16,W300BNW1,1,0,0,0,0,0
2016/1/16,Z302BT5C,0,0,0,0,0,0
2016/1/16,Z304JKNW,0,0,0,0,0,0
2016/1/16,Z3015L5K,0,0,0,0,0,0
2016/1/17,Z302SWA2,0,0,0,0,0,0
2016/1/17,Z300MHJ0,0,0,0,0,0,0
2016/1/17,Z302FRJW,0,0,0,0,0,0
2016/1/17,Z3014PRB,0,0,0,0,0,0
2016/1/17,Z3024W2C,1,0,0,0,0,0
2016/1/17,Z3040DVP,1,0,0,0,8,8
2016/1/17,Z302EP7C,0,0,0,2,0,0
2016/1/17,Z300ZST1,1,8,1,1,16,16
2016/1/17,W300SSCN,1,0,0,0,0,0
2016/1/17,W300R7RJ,1,0,0,0,32,32
2016/1/17,W300CY5P,0,0,0,0,0,0
2016/1/17,W300BNW1,1,0,0,0,0,0
2016/1/17,Z30177ZE,1,0,12,0,0,0
2016/1/17,Z303ZWQS,1,0,12,0,0,0
2016/1/17,Z304KBY9,0,0,0,0,0,0
2016/1/17,Z302AKS1,1,0,0,0,0,0
2016/1/17,W300A6X7,0,0,0,0,0,0
2016/1/17,Z3015CEW,1,0,0,0,0,0
2016/1/17,Z3014P58,1,0,1,16,8,8
2016/1/17,Z300KN1M,0,0,0,0,0,0
2016/1/17,Z3024VZC,0,0,0,0,0,0
2016/1/17,Z3025BT6,0,0,0,0,0,0
2016/1/17,Z302511Z,1,160,0,0,40,40
2016/1/18,S300WFNP,0,0,0,0,0,0
2016/1/18,Z3040DVP,1,0,0,0,8,8
2016/1/18,Z302T8AB,0,0,0,0,0,0
2016/1/18,Z3014PTT,0,0,0,1,0,0
2016/1/18,Z3024W2C,1,0,0,0,0,0
2016/1/18,Z300GYT0,0,0,0,0,0,0
2016/1/18,Z304HQHQ,0,0,0,0,0,0
2016/1/18,Z303ZWQS,1,0,14,0,0,0
2016/1/18,S3010ZRE,0,0,0,0,0,0
2016/1/18,W300BGTV,0,0,0,0,0,0
2016/1/18,W300SSCN,1,0,0,0,0,0
2016/1/18,W300R7RJ,1,0,0,0,32,32
2016/1/18,Z302AKS1,1,0,0,0,0,0
2016/1/18,Z3015CEW,1,0,0,0,0,0
2016/1/19,Z3015CEW,1,0,0,0,0,0
2016/1/19,Z3040DVP,1,0,0,0,8,8
2016/1/19,S301162N,0,0,0,0,0,0
2016/1/19,W300R7RJ,1,0,18,0,40,40
2016/1/19,Z302AKS1,1,0,0,0,0,0
2016/1/19,W300JN9B,0,0,0,0,0,0
2016/1/19,Z300YV55,0,0,0,0,0,0
2016/1/19,Z3025YZ7,0,0,0,0,0,0
2016/1/19,W300CTT5,1,0,7,17,16,16
2016/1/19,W300SSCN,1,0,0,0,0,0
2016/1/19,Z300XCRE,0,0,0,0,0,0
2016/1/19,S300Z5F0,0,0,0,0,0,0
2016/1/19,Z300H42K,0,0,0,0,0,0
2016/1/19,Z3024W2C,1,0,0,0,0,0
2016/1/19,S300Z76T,0,0,0,0,0,0
2016/1/20,Z302T8WL,0,0,0,0,0,0
2016/1/20,Z300NRJT,0,0,0,0,0,0
2016/1/20,Z3041JV1,0,0,0,0,0,0
2016/1/20,Z302AYP0,0,0,0,0,0,0
2016/1/20,Z304JMDW,0,0,0,0,0,0
2016/1/20,Z300WD6W,0,0,0,0,0,0
2016/1/20,Z302AKS1,1,0,0,0,0,0
2016/1/20,Z305D3EW,0,0,0,0,0,0
2016/1/20,Z3015CEW,1,0,0,0,0,0
2016/1/20,W300CTT5,1,0,7,17,24,24
2016/1/20,Z305AP84,0,0,0,0,0,0
2016/1/20,Z304JGGF,0,0,0,0,0,0
2016/1/20,Z3024W2C,1,0,0,0,16,16
2016/1/21,Z3026PQ2,0,0,0,0,0,0
2016/1/21,S300M9XH,0,0,0,0,0,0
2016/1/21,Z305BHT5,0,0,0,0,0,0
2016/1/21,S300Z4Y8,0,0,0,0,0,0
2016/1/21,Z3029BA6,0,0,0,0,0,0
2016/1/21,Z300MHQS,0,0,0,0,0,0
2016/1/21,Z3015F8S,0,0,0,0,0,0
2016/1/21,Z3027H4N,0,0,0,0,0,0
2016/1/21,Z301789D,1,0,2,0,8,8
2016/1/21,W300CTT5,1,0,7,17,32,32
2016/1/21,Z3010AN4,1,0,0,0,8,8
2016/1/21,S300Z65Q,0,0,0,0,0,0
2016/1/22,Z3006VN2,1,4008,0,0,0,0
2016/1/22,W300CTT5,1,0,7,17,32,32
2016/1/22,Z302B0WW,1,0,0,0,16,16
2016/1/22,Z3010AN4,1,0,0,0,8,8
2016/1/22,Z301789D,1,0,2,0,8,8
2016/1/22,Z304HR6F,1,0,2,0,8,8
2016/1/22,Z304KBQF,0,0,0,0,0,0
2016/1/22,S300XBRR,0,0,0,0,0,0
2016/1/22,Z302592V,0,0,0,0,0,0
2016/1/22,S300VL8K,0,0,0,0,0,0
2016/1/22,S300WESH,0,0,0,0,0,0
2016/1/22,Z304SZ9G,0,0,0,0,0,0
2016/1/22,Z304JPPZ,0,0,0,0,0,0
2016/1/23,Z3006VN2,1,4008,0,0,0,0
2016/1/23,S301147M,1,0,0,0,8,8
2016/1/23,Z3010TF8,1,0,0,0,0,0
2016/1/23,Z304HR6F,1,0,2,0,16,16
2016/1/23,Z3055R6G,1,0,0,0,0,0
2016/1/23,Z300W356,1,0,3,0,0,0
2016/1/23,Z303QR0C,0,0,0,0,0,0
2016/1/23,S300XC6B,0,0,0,0,0,0
2016/1/23,Z304KBYZ,0,0,0,0,0,0
2016/1/23,Z302B0WW,1,0,0,0,16,16
2016/1/23,Z3016PPG,0,0,0,0,0,0
2016/1/23,Z301789D,1,0,2,0,8,8
2016/1/23,Z3029ZSA,1,8,2,0,0,0
2016/1/23,Z304KCJT,0,0,0,0,0,0
2016/1/23,Z3010AN4,1,0,0,0,8,8
2016/1/23,Z304HTYE,0,0,0,0,0,0
2016/1/23,Z302AKSF,0,0,0,0,0,0
2016/1/23,Z3041DF8,0,0,0,0,0,0
2016/1/23,Z3025PXW,0,0,0,0,0,0
2016/1/23,Z30259D3,0,0,0,1,0,0
2016/1/24,Z3029ZSA,1,8,2,0,0,0
2016/1/24,Z301789D,1,0,2,0,8,8
2016/1/24,Z3006VN2,1,4024,0,0,0,0
2016/1/24,Z3010TF8,1,0,0,0,0,0
2016/1/24,Z3010AN4,1,0,0,0,32,32
2016/1/24,Z304HR6F,1,0,2,0,16,16
2016/1/24,Z3055R6G,1,0,0,0,0,0
2016/1/24,Z30250GF,1,0,0,0,0,0
2016/1/24,Z300W356,1,0,3,0,0,0
2016/1/24,S301147M,1,0,0,0,8,8
2016/1/24,Z302B0WW,1,0,8,0,8,8
2016/1/24,Z3016RRE,0,0,0,0,0,0
2016/1/24,S300CP5E,0,0,0,0,0,0
2016/1/24,Z3025LY3,0,0,0,0,0,0
2016/1/24,Z3020XJH,0,0,0,0,0,0
2016/1/24,W300R75X,0,0,0,0,0,0
2016/1/24,S301NGZ8,0,0,0,0,0,0
2016/1/24,Z300PAS0,0,0,0,4295032833,0,0
2016/1/24,Z3029FXD,0,0,0,0,0,0
2016/1/24,Z302T6XV,0,0,0,0,0,0
2016/1/24,Z304HK9B,0,0,0,0,0,0
2016/1/24,Z302SR04,0,0,0,0,0,0
2016/1/25,Z304HR6F,1,0,2,0,16,16
2016/1/25,Z3025XXD,1,0,0,0,24,24
2016/1/25,Z300W356,1,0,3,0,0,0
2016/1/25,Z302B0WW,1,0,8,0,8,8
2016/1/25,Z304JGBM,0,0,0,0,0,0
2016/1/25,Z3010TF8,1,0,0,0,0,0
2016/1/25,Z30149P3,1,0,0,0,16,16
2016/1/25,Z30250GF,1,0,0,0,0,0
2016/1/25,S30112PT,0,0,0,0,0,0
2016/1/25,S301147M,1,0,0,0,8,8
2016/1/25,S30113C9,0,0,0,0,0,0
2016/1/25,Z302BYY1,0,0,0,0,0,0
2016/1/25,Z3029ZSA,1,8,2,0,0,0
2016/1/25,W300892V,0,0,0,0,0,0
2016/1/25,Z302SYY7,0,0,0,0,0,0
2016/1/25,S30111N6,0,0,0,0,0,0
2016/1/25,Z302592W,0,0,0,0,0,0
2016/1/25,Z302SY6W,0,0,0,0,0,0
2016/1/25,Z3059KH6,0,0,0,0,0,0
2016/1/25,S300XAWB,0,0,0,0,0,0
2016/1/25,Z3006VN2,1,4056,0,0,0,0
2016/1/26,Z3010TF8,1,0,0,0,0,0
2016/1/26,Z30149P3,1,0,0,0,16,16
2016/1/26,Z30250GF,1,0,0,0,0,0
2016/1/26,Z304JGBG,0,0,0,0,0,0
2016/1/26,S301147M,1,0,0,0,8,8
2016/1/26,Z302SZNT,0,0,0,0,0,0
2016/1/26,Z3025XXD,1,0,0,0,24,24
2016/1/26,Z3029ZSA,1,8,3,0,0,0
2016/1/26,Z300W356,1,0,3,0,0,0
2016/1/26,Z304AMVH,0,0,0,0,0,0
2016/1/26,S300ZQAN,0,0,0,0,0,0
2016/1/27,W300KKG0,0,0,0,0,0,0
2016/1/27,Z30149P3,1,0,0,0,24,24
2016/1/27,Z30250GF,1,0,0,0,0,0
2016/1/27,Z3025XXD,1,0,0,0,24,24
2016/1/27,Z302A10G,0,0,0,2,0,0
2016/1/27,Z300W303,0,8,0,0,0,0
2016/1/27,Z304HKBY,0,0,0,0,0,0
2016/1/27,Z3025D4V,0,0,0,0,0,0
2016/1/27,Z304HSFN,0,0,0,0,0,0
2016/1/27,Z304HKBT,0,0,0,0,0,0
2016/1/27,Z3010T95,0,0,0,0,0,0
2016/1/27,Z3015JN7,0,0,0,0,0,0
2016/1/27,Z301CEY0,0,0,0,0,0,0
2016/1/27,Z3057Q7K,0,0,0,0,0,0
2016/1/27,Z3036T1G,0,0,0,0,0,0
2016/1/27,Z3025LKP,0,0,0,0,0,0
2016/1/27,Z304KCWH,0,0,0,0,0,0
2016/1/28,Z3015LKX,0,0,0,0,0,0
2016/1/28,S300Z40E,0,0,0,0,8,8
2016/1/28,Z3021PCM,0,0,0,0,0,0
2016/1/28,W300697P,0,0,0,0,0,0
2016/1/28,S300YQT7,0,0,0,0,0,0
2016/1/28,Z3025PGG,0,0,0,0,0,0
2016/1/28,Z3025M3T,1,0,0,0,16,16
2016/1/28,Z304JWJY,0,0,0,0,0,0
2016/1/28,Z305AQFS,0,0,0,0,0,0
2016/1/28,Z3025Z3Q,1,0,0,0,8,8
2016/1/28,Z3025XXD,1,0,0,0,24,24
2016/1/28,Z3015LFQ,0,0,0,0,0,0
2016/1/28,Z300ZQZB,0,0,0,0,0,0
2016/1/28,Z30149P3,1,0,0,0,24,24
2016/1/29,W300KNNX,0,0,0,0,0,0
2016/1/29,S300Z49J,1,0,0,0,0,0
2016/1/29,Z300PBKN,1,0,0,0,24,24
2016/1/29,Z3015J07,1,0,1,0,24,24
2016/1/29,Z3025M3T,1,0,0,0,16,16
2016/1/29,Z300PCBK,1,0,0,0,0,0
2016/1/29,Z300GZDD,1,0,0,0,32,32
2016/1/29,Z302BYQQ,1,0,0,0,48,48
2016/1/29,S301NWZ6,0,0,0,0,0,0
2016/1/29,Z3025Z3Q,1,0,0,0,32,32
2016/1/29,S300VLGG,0,0,0,0,0,0
2016/1/29,Z302699Q,0,0,0,0,0,0
2016/1/29,W300A8E7,0,0,0,0,0,0
2016/1/29,Z300MPZ1,0,0,0,0,0,0
2016/1/30,Z300PCBK,1,0,0,0,0,0
2016/1/30,Z300GZDD,1,0,0,0,32,32
2016/1/30,Z302BYQQ,1,0,0,0,48,48
2016/1/30,Z3025Z3Q,1,0,0,0,40,40
2016/1/30,W300935A,1,0,0,0,0,0
2016/1/30,W30074QA,1,0,0,0,0,0
2016/1/30,Z304457B,0,0,0,0,0,0
2016/1/30,W300SP2A,0,0,0,0,0,0
2016/1/30,W300SZT6,0,0,0,0,0,0
2016/1/30,S300F08Z,0,0,0,0,0,0
2016/1/30,Z3025M3T,1,0,0,0,16,16
2016/1/30,S301NPB4,0,0,0,0,0,0
2016/1/30,Z3014B5C,0,0,0,0,0,0
2016/1/30,Z3016SFX,0,0,0,0,0,0
2016/1/30,S30106DK,0,0,0,0,0,0
2016/1/30,Z3015J07,1,0,1,0,24,24
2016/1/30,Z305E1RL,0,0,0,0,0,0
2016/1/30,Z300PBKN,1,0,0,0,24,24
2016/1/30,S300Z49J,1,0,0,0,0,0
2016/1/30,Z3025230,1,1792,0,0,24,24
2016/1/31,Z302B0K5,0,0,0,0,0,0
2016/1/31,S301LMM1,0,0,0,0,0,0
2016/1/31,Z3015CCW,0,0,0,0,0,0
2016/1/31,Z304L8EC,0,0,0,0,0,0
2016/1/31,Z3025WBY,0,0,0,0,0,0
2016/1/31,S300Z49J,1,0,0,0,0,0
2016/1/31,Z300PBKN,1,0,0,0,24,24
2016/1/31,S300Z78H,1,0,0,0,8,8
2016/1/31,Z3025230,1,1792,0,0,24,24
2016/1/31,Z304JVYC,0,0,0,0,0,0
2016/1/31,Z3025M3T,1,0,0,0,96,96
2016/1/31,Z3025LA7,1,0,2,0,0,0
2016/1/31,Z300PCBK,1,0,0,0,0,0
2016/1/31,Z3025KZX,1,0,0,0,0,0
2016/1/31,W30074QA,1,0,0,0,0,0
2016/1/31,Z300GZDD,1,0,0,0,32,32
2016/1/31,W300935A,1,,,,,
2016/1/31,Z3025Z3Q,1,0,1,0,56,56
2016/1/31,Z3015J07,1,0,2,0,24,24
2016/1/31,Z302BYQQ,1,0,0,0,48,48
2016/2/1,Z3026RDJ,0,0,0,0,0,0
2016/2/1,Z300PCBK,1,0,0,0,0,0
2016/2/1,Z3025KZX,1,0,0,0,0,0
2016/2/1,Z3025LA7,1,0,2,0,0,0
2016/2/1,Z3015J07,1,0,8,0,40,40
2016/2/1,Z3025230,1,1840,0,0,40,40
2016/2/1,Z300GZDD,1,0,0,0,32,32
2016/2/1,Z3026JQP,1,0,4,5,0,0
2016/2/1,Z302BYQQ,1,0,0,0,48,48
2016/2/1,W30074QA,1,0,0,0,0,0
2016/2/1,Z300PBKN,1,0,0,0,24,24
2016/2/1,Z3014KY9,0,0,0,1,0,0
2016/2/1,S300Z78H,1,0,0,0,8,8
2016/2/1,S300Z49J,1,0,0,0,0,0
2016/2/2,S301G67C,0,0,0,0,0,0
2016/2/2,S301GMZA,0,0,0,0,0,0
2016/2/2,Z3029FXD,0,0,0,0,0,0
2016/2/2,Z302A12A,0,0,0,0,0,0
2016/2/2,Z304LA9Z,0,0,0,0,0,0
2016/2/2,W30074QA,1,0,4,0,0,0
2016/2/2,W300935A,1,0,0,0,0,0
2016/2/2,Z3025LA7,1,0,2,0,0,0
2016/2/2,Z305APB1,1,0,0,0,0,0
2016/2/2,Z3025230,1,1840,0,0,40,40
2016/2/2,Z302SQJG,1,0,0,0,0,0
2016/2/2,S300Z78H,1,0,0,0,8,8
2016/2/2,Z3026JQP,1,0,4,5,0,0
2016/2/2,Z30250K3,1,0,0,0,0,0
2016/2/2,Z305AP6Y,0,0,0,0,0,0
2016/2/2,Z3025KZX,1,16,2,0,0,0
2016/2/3,S300Z78H,1,0,0,0,8,8
2016/2/3,Z3015LGW,0,0,0,0,0,0
2016/2/3,W300935A,1,0,1,0,40,40
2016/2/3,Z300PMKL,0,0,0,0,0,0
2016/2/3,Z3025KZX,1,24,3,0,16,16
2016/2/3,Z3026JQP,1,0,4,5,0,0
2016/2/3,Z3025LA7,1,0,2,0,792,792
2016/2/3,Z300GPPY,0,0,0,0,0,0
2016/2/3,Z302SQJG,1,0,0,0,0,0
2016/2/3,S300Z4YN,0,0,0,0,0,0
2016/2/3,Z30250K3,1,0,0,0,0,0
2016/2/3,Z3020D8Z,0,0,0,0,0,0
2016/2/3,Z3026ZQF,0,0,0,0,0,0
2016/2/3,Z305APB1,1,0,0,0,0,0
2016/2/4,Z300MW2F,0,0,0,0,0,0
2016/2/4,Z304LA09,0,0,0,0,0,0
2016/2/4,Z300P96A,0,0,0,0,0,0
2016/2/4,Z304L844,0,0,0,0,0,0
2016/2/4,S300Z6EQ,0,0,0,0,0,0
2016/2/4,Z305APB1,1,0,0,0,16,16
2016/2/4,S300XS9R,0,0,0,0,0,0
2016/2/4,Z304JMCM,0,0,0,0,0,0
2016/2/4,W300SSAJ,1,0,2,0,32,32
2016/2/4,Z300JCQF,0,0,0,0,0,0
2016/2/4,Z30250K3,1,0,0,0,0,0
2016/2/4,Z3023WDN,1,0,1,0,8,8
2016/2/4,Z3026JQP,1,0,4,5,0,0
2016/2/4,Z302SQJG,1,0,0,0,0,0
2016/2/5,Z305APB1,1,0,0,0,16,16
2016/2/5,W300BH2X,0,0,0,0,0,0
2016/2/5,S3010AQN,0,0,0,0,0,0
2016/2/5,S301NXWC,0,0,0,0,0,0
2016/2/5,Z3023WDN,1,0,1,0,8,8
2016/2/5,Z304JLHS,1,0,0,0,8,8
2016/2/5,Z300PLMB,0,0,0,0,0,0
2016/2/5,Z30250K3,1,0,0,0,88,88
2016/2/5,Z300Y3DT,0,0,0,0,0,0
2016/2/5,W300SSAJ,1,0,2,0,32,32
2016/2/5,Z302610J,1,0,0,0,24,24
2016/2/5,Z302SQJG,1,8,2,0,0,0
2016/2/5,S300WFGM,0,0,0,0,0,0
2016/2/5,Z304JFRG,0,0,0,0,0,0
2016/2/5,W300BNZJ,1,24,7,4295032834,16,16
2016/2/6,Z303ZLJR,0,0,0,0,0,0
2016/2/6,W300BNZJ,1,40,7,4295032834,16,16
2016/2/6,Z302610J,1,0,0,0,24,24
2016/2/6,Z300PMJ5,0,0,0,0,0,0
2016/2/6,Z3015LGY,0,0,0,0,0,0
2016/2/6,Z304KC9Q,1,0,0,0,0,0
2016/2/6,Z304JLHS,1,0,0,0,8,8
2016/2/6,W300SSAJ,1,0,2,0,32,32
2016/2/6,Z3023WDN,1,0,1,0,8,8
2016/2/6,Z3014NTY,0,0,0,0,0,0
2016/2/6,Z300C8SK,0,0,0,0,0,0
2016/2/6,S300Z66L,0,0,0,0,0,0
2016/2/6,Z300ZV83,0,0,0,0,0,0
2016/2/7,Z304JLHS,1,0,0,0,8,8
2016/2/7,Z302BMWF,1,0,4,0,0,0
2016/2/7,S300X94W,0,0,0,0,0,0
2016/2/7,Z304KC9Q,1,0,0,0,0,0
2016/2/7,Z302610J,1,0,0,0,24,24
2016/2/7,W300BNZJ,1,56,7,4295032834,16,16
2016/2/7,Z3040LGP,1,0,0,0,0,0
2016/2/7,Z3059HYX,0,0,0,0,0,0
2016/2/7,Z3023WDN,1,0,3,0,8,8
2016/2/7,Z30179DM,0,0,0,0,0,0
2016/2/7,S30112D4,0,0,0,0,0,0
2016/2/7,S301GPB1,0,0,0,0,0,0
2016/2/7,Z302A1A8,1,0,0,0,0,0
2016/2/7,W300SSAJ,1,0,2,0,32,32
2016/2/8,W300JG56,0,0,0,0,0,0
2016/2/8,Z3041DNQ,0,0,0,0,0,0
2016/2/8,Z3029B2C,0,0,0,0,0,0
2016/2/8,S300XE9J,0,0,0,0,0,0
2016/2/8,Z300WJZ0,0,0,0,0,0,0
2016/2/8,Z302A2BA,0,0,0,0,0,0
2016/2/8,Z3016PLW,0,0,0,0,0,0
2016/2/8,Z3025LHF,1,0,0,0,24,24
2016/2/8,Z304JLHS,1,0,1,0,24,24
2016/2/8,Z3040LGP,1,0,0,0,8,8
2016/2/8,Z302BMWF,1,0,4,0,0,0
2016/2/8,Z3015J4N,1,0,0,0,0,0
2016/2/8,Z304KC9Q,1,0,0,0,0,0
2016/2/8,Z304HTAV,1,0,0,0,0,0
2016/2/8,Z302610J,1,0,0,0,24,24
2016/2/8,W300BNZJ,1,208,7,4295032834,40,40
2016/2/8,Z302A1A8,1,0,0,0,0,0
2016/2/8,Z3029FNJ,1,0,0,0,8,8
2016/2/9,Z304HTAV,1,0,0,0,0,0
2016/2/9,Z302A1A8,1,0,0,0,0,0
2016/2/9,Z300WXZR,0,0,0,0,0,0
2016/2/9,Z300P94Z,1,584,2,0,24,24
2016/2/9,S300WPYC,0,0,0,0,0,0
2016/2/9,Z3040LGP,1,0,0,0,8,8
2016/2/9,Z3025LHF,1,0,0,0,24,24
2016/2/9,S301GMCZ,0,0,0,0,0,0
2016/2/9,W300KQAX,0,0,0,0,0,0
2016/2/9,Z304KC9Q,1,0,0,0,0,0
2016/2/9,Z300W60S,1,0,1,0,0,0
2016/2/9,Z3029FNJ,1,0,0,0,8,8
2016/2/9,Z302BMWF,1,0,4,0,0,0
2016/2/9,S300Z6HR,0,0,0,0,0,0
2016/2/9,Z305D20N,0,0,0,0,0,0
2016/2/9,Z305D2QG,0,0,0,0,0,0
2016/2/9,S300YSEV,0,0,0,0,0,0
2016/2/9,Z3015J4N,1,0,0,0,0,0
2016/2/10,Z3029FNJ,1,0,0,0,8,8
2016/2/10,Z300P94Z,1,608,2,0,24,24
2016/2/10,Z3040LGP,1,0,0,0,128,128
2016/2/10,Z3025LHF,1,0,0,0,24,24
2016/2/10,Z304JRP1,0,0,0,0,0,0
2016/2/10,Z302A1A8,1,0,0,0,0,0
2016/2/10,Z3059KBQ,0,0,0,0,0,0
2016/2/10,W300JN4V,0,0,0,0,0,0
2016/2/10,Z304HTAV,1,0,0,0,0,0
2016/2/10,Z300W60S,1,0,1,0,0,0
2016/2/10,Z3015J4N,1,0,0,0,0,0
2016/2/10,Z302FEP7,0,0,0,3,0,0
2016/2/10,Z302BMWF,1,0,4,0,0,0
2016/2/10,Z300XCXR,0,0,0,0,0,0
2016/2/10,Z3025KK6,0,0,0,0,0,0
2016/2/11,Z300P94Z,1,1416,2,0,40,40
2016/2/11,Z3025LHF,1,0,0,0,56,56
2016/2/11,Z300T8HH,1,0,0,0,8,8
2016/2/11,Z304HTAV,1,0,0,0,0,0
2016/2/11,Z3025W97,0,0,0,0,0,0
2016/2/11,Z3023WW0,0,0,0,0,0,0
2016/2/11,S30117CQ,0,0,0,0,0,0
2016/2/11,Z300W60S,1,0,1,0,0,0
2016/2/11,Z3029FNJ,1,0,0,0,16,16
2016/2/11,Z3015J4N,1,0,0,0,0,0
2016/2/11,Z304L91W,0,0,0,0,0,0
2016/2/11,Z30242SZ,1,0,0,0,0,0
2016/2/11,Z302B0H0,0,0,0,0,0,0
2016/2/11,Z3051ZGV,0,0,0,0,0,0
2016/2/11,Z305CTZ2,0,0,0,0,0,0
2016/2/11,Z300W96V,0,0,0,0,0,0
2016/2/11,Z3025MBS,0,0,0,0,0,0
2016/2/11,Z3024VXJ,0,0,0,0,0,0
2016/2/11,Z3039HST,0,0,0,0,0,0
2016/2/11,Z304AESX,1,0,1,0,0,0
2016/2/11,Z3023XMA,0,0,0,0,0,0
2016/2/12,Z300W60S,1,0,2,0,48,48
2016/2/12,Z300GPCR,0,0,0,0,0,0
2016/2/12,Z300P94Z,1,1544,2,0,40,40
2016/2/12,Z300T8HH,1,0,0,0,8,8
2016/2/12,Z300VGKS,1,0,0,0,24,24
2016/2/12,Z300PB01,0,0,0,0,0,0
2016/2/12,Z3025XZP,1,8,9,0,0,0
2016/2/12,Z303H7L6,1,0,2,0,0,0
2016/2/12,S300Y4SR,1,0,0,0,8,8
2016/2/12,Z30242SZ,1,0,0,0,0,0
2016/2/12,Z304AESX,1,0,1,0,0,0
2016/2/12,Z3014P25,0,0,0,0,0,0
2016/2/12,S300VD8H,0,0,0,0,0,0
2016/2/13,W300L058,0,0,0,0,0,0
2016/2/13,Z300VGKS,1,0,0,0,24,24
2016/2/13,Z304JLJD,1,0,0,0,0,0
2016/2/13,Z303H7L6,1,0,2,0,0,0
2016/2/13,Z304LA2D,0,0,0,0,0,0
2016/2/13,Z30149XG,0,0,0,0,0,0
2016/2/13,Z30242SZ,1,0,0,0,0,0
2016/2/13,Z304AESX,1,0,1,0,0,0
2016/2/13,S300Z662,0,0,0,0,0,0
2016/2/13,Z300KEPM,0,0,0,0,0,0
2016/2/13,Z300E2D4,1,0,0,0,24,24
2016/2/13,Z300ZSJP,1,6640,0,0,16,16
2016/2/13,Z304K3X2,0,0,0,0,0,0
2016/2/13,Z305D4XB,0,0,0,0,0,0
2016/2/13,S300Y4SR,1,0,0,0,8,8
2016/2/13,Z300T8HH,1,0,0,0,8,8
2016/2/13,W300DYCC,0,0,0,0,0,0
2016/2/13,Z300X8K8,0,0,0,0,0,0
2016/2/13,Z3025XZP,1,8,9,0,0,0
2016/2/14,Z30242SZ,1,0,0,0,16,16
2016/2/14,Z303H7L6,1,0,4,0,0,0
2016/2/14,Z304AESX,1,0,2,0,0,0
2016/2/14,Z300PJQH,1,0,0,1,8,8
2016/2/14,Z3025LGR,1,0,0,0,0,0
2016/2/14,Z300YLV6,0,0,0,0,0,0
2016/2/14,Z3025XZP,1,8,10,0,0,0
2016/2/14,Z300E2D4,1,0,0,0,24,24
2016/2/14,Z300T8HH,1,32,0,0,8,8
2016/2/14,S300Y4SR,1,0,6,0,0,0
2016/2/14,Z300MY10,0,0,0,0,0,0
2016/2/14,Z300ZSJP,1,8512,0,0,24,24
2016/2/14,Z305AQG5,0,0,0,0,0,0
2016/2/14,Z304JLJD,1,0,0,0,0,0
2016/2/14,Z302591C,0,0,0,0,0,0
2016/2/14,Z300VGKS,1,0,0,0,56,56
2016/2/15,Z304JLJD,1,0,0,0,0,0
2016/2/15,Z300E2D4,1,0,0,0,56,56
2016/2/15,S3006MER,0,0,0,4295032880,0,0
2016/2/15,S301146T,0,0,0,0,0,0
2016/2/15,Z3025LGR,1,0,0,0,0,0
2016/2/15,Z300VGKS,1,0,0,0,64,64
2016/2/15,Z303WXTN,1,0,0,0,0,0
2016/2/15,Z3025XZP,1,8,10,0,0,0
2016/2/15,W300BDYL,1,0,0,0,0,0
2016/2/15,Z303H7L6,1,0,4,0,0,0
2016/2/15,Z300ZSJP,1,8704,0,0,24,24
2016/2/15,Z304GEJT,0,0,0,0,0,0
2016/2/15,Z300PJQH,1,0,0,1,8,8
2016/2/15,Z305B76C,0,0,0,0,0,0
2016/2/15,Z300W7QN,0,0,0,0,0,0
2016/2/15,S300Y4SR,1,0,6,0,0,0
2016/2/15,Z300ZV84,0,0,0,0,0,0
2016/2/15,Z30148PN,0,0,0,0,0,0
2016/2/15,Z304L8QG,0,0,0,0,0,0
2016/2/15,Z305AKK2,0,0,0,0,0,0
2016/2/15,Z3011WL5,0,0,0,0,0,0
2016/2/16,Z300GZ06,1,0,0,0,8,8
2016/2/16,W3006D3W,0,0,0,0,0,0
2016/2/16,Z300E2D4,1,0,0,0,48,48
2016/2/16,Z300ZSJP,1,10040,0,0,40,40
2016/2/16,Z302517Z,0,0,0,0,0,0
2016/2/16,Z300K1TG,0,0,0,0,0,0
2016/2/16,Z30259D3,0,0,0,1,0,0
2016/2/16,S300ZSL3,0,0,0,0,0,0
2016/2/16,Z302F381,0,0,0,0,0,0
2016/2/16,Z302FZLY,0,0,0,0,0,0
2016/2/16,Z3025LR7,1,0,0,0,0,0
2016/2/16,S3008D3H,0,0,0,0,0,0
2016/2/16,Z3025LGR,1,0,0,0,0,0
2016/2/16,Z3014NGF,0,0,0,0,0,0
2016/2/16,Z300YV4F,0,0,0,0,0,0
2016/2/16,W300AS8S,1,0,0,0,24,24
2016/2/16,Z303WXTN,1,0,0,0,0,0
2016/2/16,Z3014NYV,0,0,0,0,0,0
2016/2/16,S300Z4FH,1,0,0,0,0,0
2016/2/16,Z304HW1E,0,0,0,0,0,0
2016/2/16,W300BDYL,1,0,0,0,0,0
2016/2/16,Z304JLJD,1,0,0,0,0,0
2016/2/16,Z300PJQH,1,0,0,1,8,8
2016/2/17,Z304L8J9,0,0,0,0,0,0
2016/2/17,W300BDYL,1,0,0,0,0,0
2016/2/17,Z3042A02,0,0,0,0,0,0
2016/2/17,Z304HT2E,0,0,0,0,0,0
2016/2/17,Z302516H,0,0,0,0,0,0
2016/2/17,S300WS3F,0,0,0,0,0,0
2016/2/17,Z3015EHZ,0,0,5,0,0,0
2016/2/17,S301N8MT,0,0,0,0,0,0
2016/2/17,Z303WXTN,1,0,0,0,0,0
2016/2/17,W300AS8S,1,0,0,0,32,32
2016/2/17,Z3025LGR,1,16,2,0,16,16
2016/2/17,S300Z4FH,1,0,0,0,0,0
2016/2/17,Z300PJQH,1,0,6,1,0,0
2016/2/17,Z300GZ06,1,0,0,0,8,8
2016/2/17,Z3025LR7,1,0,0,0,0,0
2016/2/18,S3010M2C,0,0,0,0,0,0
2016/2/18,Z300GPCC,0,0,0,0,0,0
2016/2/18,S300Z4FH,1,0,0,0,0,0
2016/2/18,Z305CL6B,0,0,0,0,0,0
2016/2/18,Z303WXTN,1,0,0,0,0,0
2016/2/18,W300BDYL,1,0,0,0,0,0
2016/2/18,W300AS8S,1,0,0,0,32,32
2016/2/18,Z3025LR7,1,0,0,0,576,576
2016/2/18,Z300TDCP,0,0,0,0,0,0
2016/2/18,Z304HKG2,0,0,0,0,0,0
2016/2/18,Z300GZ06,1,0,0,0,8,8
2016/2/18,Z300GQ9R,1,0,0,0,0,0
2016/2/19,Z300GQ9R,1,0,0,0,0,0
2016/2/19,W300AS8S,1,0,0,0,32,32
2016/2/19,Z3014NES,0,0,0,0,0,0
2016/2/19,Z302AL95,1,0,0,0,0,0
2016/2/19,Z3025LR7,1,0,0,0,640,640
2016/2/19,Z300GZ06,1,0,0,0,40,40
2016/2/19,S300Z4FH,1,0,0,0,0,0
2016/2/19,Z3042XAC,0,0,0,0,0,0
2016/2/19,Z304KBNW,0,0,0,0,0,0
2016/2/19,Z300XQ5K,0,16,26,1,0,0
2016/2/19,Z3015H5W,0,0,0,0,0,0
2016/2/20,Z3015ETB,1,3368,0,0,16,16
2016/2/20,Z3012XC9,0,0,0,0,0,0
2016/2/20,Z304XN5C,0,0,0,0,0,0
2016/2/20,Z300MJYF,1,58,0,0,6,6
2016/2/20,Z300GQ9R,1,0,0,0,0,0
2016/2/20,Z302AL95,1,0,0,0,0,0
2016/2/20,Z300KH7L,1,0,0,4295032837,16,16
2016/2/20,W300HHG5,1,10,0,0,30,30
2016/2/20,S301NDFY,0,0,0,0,0,0
2016/2/20,Z304JKG7,0,0,0,0,0,0
2016/2/20,Z3014PLD,0,0,0,0,0,0
2016/2/20,Z302FZHL,0,0,0,0,0,0
2016/2/20,Z30251PH,0,0,0,0,0,0
2016/2/20,Z300WXPA,0,0,0,0,0,0
2016/2/20,Z3015DCK,1,0,0,0,0,0
2016/2/20,Z300MQCW,0,0,0,0,0,0
2016/2/20,W300GHST,0,0,0,0,0,0
2016/2/20,Z303XYYR,0,0,0,0,0,0
2016/2/21,Z302FZHL,0,0,0,0,0,0
2016/2/21,Z302AL95,1,0,0,0,0,0
2016/2/21,Z3015ETB,1,3368,0,0,16,16
2016/2/21,W300HHG5,1,10,0,0,30,30
2016/2/21,Z3026989,1,0,0,0,0,0
2016/2/21,Z300KH7L,1,0,0,4295032837,16,16
2016/2/21,Z3015DCK,1,0,0,0,0,0
2016/2/21,Z300GQ9R,1,0,0,0,0,0
2016/2/21,Z300MJYF,1,58,0,0,6,6
2016/2/21,Z305GWF5,0,0,0,0,0,0
2016/2/21,Z3012X9V,0,0,0,0,0,0
2016/2/21,S30117RQ,0,0,0,0,0,0
2016/2/21,Z300DZZB,0,0,0,0,0,0
2016/2/21,Z305DVP8,0,0,0,0,0,0
2016/2/21,Z3040E4Z,0,0,0,0,0,0
2016/2/21,S301NGX3,0,0,0,0,0,0
2016/2/21,Z30546N6,0,0,0,0,0,0
2016/2/22,Z3026989,1,0,0,0,0,0
2016/2/22,S300YQTN,0,0,0,0,0,0
2016/2/22,Z300MJYF,1,58,0,0,6,6
2016/2/22,Z300KH7L,1,0,0,4295032837,16,16
2016/2/22,Z3015DCK,1,0,0,0,0,0
2016/2/22,W300HHG5,1,10,0,0,30,30
2016/2/22,Z3015ETB,1,3368,0,0,16,16
2016/2/22,Z3025Q3T,1,0,0,0,0,0
2016/2/22,Z302AL95,1,0,0,0,0,0
2016/2/22,Z302SYHV,0,0,0,0,0,0
2016/2/22,Z3029FCC,0,0,0,0,0,0
2016/2/22,Z304L9LM,0,0,0,0,0,0
2016/2/22,Z300V2E9,1,0,0,0,8,8
2016/2/22,Z30252D9,0,0,0,0,0,0
2016/2/22,Z305D2MX,0,0,0,0,0,0
2016/2/22,S3010ME1,0,0,0,0,0,0
2016/2/23,Z300ZSDZ,0,0,0,0,0,0
2016/2/23,W3005MSA,1,0,0,0,24,24
2016/2/23,Z300KH7L,1,0,0,4295032837,32,32
2016/2/23,S300ZQPG,1,0,0,0,0,0
2016/2/23,Z3015ETB,1,3368,0,0,16,16
2016/2/23,Z3026989,1,0,0,0,0,0
2016/2/23,Z3025Q3T,1,0,0,0,0,0
2016/2/23,Z300KJ77,1,0,0,0,0,0
2016/2/23,Z300MJYF,1,58,0,0,6,6
2016/2/23,Z3015DCK,1,0,0,0,0,0
2016/2/23,Z305D4NB,1,0,0,0,0,0
2016/2/23,Z3016MGJ,1,0,0,0,32,32
2016/2/23,Z305CB51,0,0,0,0,0,0
2016/2/23,Z304LA2V,0,0,0,0,0,0
2016/2/23,S301GRYP,0,0,0,0,0,0
2016/2/23,S300Z74R,0,0,0,0,0,0
2016/2/23,Z304J6PK,0,0,0,0,0,0
2016/2/23,Z300XFTB,0,0,0,0,0,0
2016/2/23,Z302SWY8,0,0,0,0,0,0
2016/2/23,W300BRYJ,0,0,0,0,0,0
2016/2/23,Z300V2E9,1,0,0,0,8,8
2016/2/23,W300HHG5,1,10,0,0,30,30
2016/2/24,Z3026PJH,0,0,0,0,0,0
2016/2/24,Z305EQQM,0,0,0,0,0,0
2016/2/24,Z305GXFW,0,0,0,0,0,0
2016/2/24,Z304HSJ8,0,0,0,0,0,0
2016/2/24,W3005MSA,1,0,0,0,24,24
2016/2/24,S301M88K,0,0,0,0,0,0
2016/2/24,W300JTKT,0,0,0,0,0,0
2016/2/24,Z3016MGJ,1,0,0,0,32,32
2016/2/24,Z305GVYL,0,0,0,0,0,0
2016/2/24,Z305D4NB,1,0,0,0,0,0
2016/2/24,Z3014B5C,0,0,0,0,0,0
2016/2/24,Z300KJ77,1,0,0,0,0,0
2016/2/24,S300ZQPG,1,0,0,0,0,0
2016/2/24,Z300V2E9,1,0,0,0,8,8
2016/2/24,Z3026989,1,0,0,0,0,0
2016/2/24,Z3025Q3T,1,0,0,0,0,0
2016/2/24,Z300N1DZ,1,0,0,0,24,24
2016/2/25,Z3016MGJ,1,0,0,0,40,40
2016/2/25,S301172Q,0,0,0,0,0,0
2016/2/25,W3006ABR,0,0,0,0,0,0
2016/2/25,S301NBST,0,0,0,0,0,0
2016/2/25,Z3015L0Y,0,0,0,0,8,8
2016/2/25,Z3015V3X,0,0,0,2,0,0
2016/2/25,S300Z5ZE,0,0,0,0,0,0
2016/2/25,Z3023F8Z,0,0,0,0,0,0
2016/2/25,Z305D50A,0,0,0,0,0,0
2016/2/25,Z302EQRV,0,0,0,0,0,0
2016/2/25,Z305D4NB,1,0,0,0,0,0
2016/2/25,Z300KJ77,1,0,0,0,0,0
2016/2/25,Z300VZCF,1,0,0,0,0,0
2016/2/25,Z300N1DZ,1,0,0,0,24,24
2016/2/25,Z3015HLP,1,0,0,0,0,0
2016/2/25,Z3025Q3T,1,8,1,0,8,8
2016/2/25,W3005MSA,1,0,0,0,32,32
2016/2/25,Z3025Q7E,1,0,0,0,16,16
2016/2/25,Z3011WB5,0,0,0,1,0,0
2016/2/25,Z304JLNS,0,0,0,0,0,0
2016/2/25,Z30149W7,1,0,0,0,0,0
2016/2/25,S300ZQPG,1,0,0,0,0,0
2016/2/25,Z300V2E9,1,0,0,0,8,8
2016/2/26,Z304HSDQ,0,0,0,0,0,0
2016/2/26,Z3040Q89,0,0,0,0,0,0
2016/2/26,S300XRNS,0,0,0,0,0,0
2016/2/26,Z3024PGW,0,0,0,0,0,0
2016/2/26,S301KX66,0,0,0,0,0,0
2016/2/26,Z302E7RN,0,0,0,0,0,0
2016/2/26,W300J3AP,0,8,1,0,0,0
2016/2/26,S300E838,0,0,0,0,0,0
2016/2/26,W300T0SV,0,0,0,0,0,0
2016/2/26,Z3025Q7E,1,0,57,0,0,0
2016/2/26,W3005MSA,1,0,0,0,32,32
2016/2/26,Z3015HLP,1,0,0,0,0,0
2016/2/26,S30087PK,0,0,0,0,0,0
2016/2/26,Z30149W7,1,0,0,0,0,0
2016/2/26,S300ZQPG,1,0,18,0,8,8
2016/2/26,Z300KJ77,1,0,0,0,0,0
2016/2/26,Z300N1DZ,1,0,0,0,24,24
2016/2/26,Z302CZK8,1,0,0,1,0,0
2016/2/26,Z303YV8G,1,0,1,1,0,0
2016/2/26,Z305D4NB,1,0,0,0,0,0
2016/2/26,Z3016MGJ,1,0,0,0,40,40
2016/2/26,Z302AJGA,0,0,0,0,0,0
2016/2/26,Z300VZCF,1,0,0,0,0,0
2016/2/27,S3010V7P,0,0,0,0,0,0
2016/2/27,S300Z5BM,0,0,0,0,0,0
2016/2/27,Z300GQ2D,0,0,0,0,0,0
2016/2/27,Z304KCHG,0,0,0,0,0,0
2016/2/27,S300XRY2,0,0,0,0,0,0
2016/2/27,Z3025PGG,0,0,0,0,0,0
2016/2/27,Z301NQ7L,0,0,0,0,0,0
2016/2/27,Z3029H0P,0,0,0,0,0,0
2016/2/27,S301172J,0,0,0,0,0,0
2016/2/27,Z30149R1,0,0,0,0,0,0
2016/2/27,Z303YV8G,1,0,1,1,0,0
2016/2/27,Z302CZK8,1,0,0,1,0,0
2016/2/27,Z300VZCF,1,0,0,0,0,0
2016/2/27,S30116PR,0,0,0,0,0,0
2016/2/27,Z300N1DZ,1,0,0,0,24,24
2016/2/27,Z3015HLP,1,0,0,0,0,0
2016/2/27,Z3025Q7E,1,0,57,0,672,672
2016/2/27,Z30149W7,1,0,0,0,0,0
2016/2/27,Z300K9MG,1,0,0,0,0,0
2016/2/28,S300Z44E,0,0,0,0,0,0
2016/2/28,S300XE6M,0,0,0,0,0,0
2016/2/28,Z300WKKJ,1,0,0,0,0,0
2016/2/28,Z303YV8G,1,0,1,1,0,0
2016/2/28,Z300MXD5,0,0,0,6,0,0
2016/2/28,W3003N9X,0,0,0,0,0,0
2016/2/28,Z300VZCF,1,0,0,0,0,0
2016/2/28,Z305AE2V,0,0,0,0,0,0
2016/2/28,Z30149W7,1,0,0,0,0,0
2016/2/28,Z3015HLP,1,0,0,0,0,0
2016/2/28,Z300K9MG,1,0,0,0,0,0
2016/2/28,Z3025Q7E,1,0,57,0,672,672
2016/2/28,Z302CZK8,1,0,0,1,0,0
2016/2/29,Z30250HS,1,0,0,0,16,16
2016/2/29,Z302CZK8,1,0,0,1,0,0
2016/2/29,Z300WKKJ,1,0,0,0,0,0
2016/2/29,Z30251KF,1,0,1,0,16,16
2016/2/29,Z303YV8G,1,0,1,1,0,0
2016/2/29,S300Z5D8,0,0,0,0,0,0
2016/2/29,Z305B70X,0,0,0,0,0,0
2016/2/29,Z300K9MG,1,0,0,0,0,0
2016/2/29,Z304JLT3,0,0,0,0,0,0
2016/2/29,Z304HRXK,1,0,0,0,0,0
2016/2/29,Z302D5PB,0,0,0,6,0,0
2016/2/29,Z30259FH,0,0,0,0,0,0
2016/3/1,S300XQ9V,0,0,1,0,0,0
2016/3/1,Z300SE8B,1,0,7,1,24,24
2016/3/1,Z30251KF,1,0,1,0,16,16
2016/3/1,Z304HRXK,1,0,0,0,0,0
2016/3/1,Z304HKT9,0,0,0,0,0,0
2016/3/1,Z302BVHP,0,0,0,0,0,0
2016/3/1,Z300K9MG,1,0,0,0,464,464
2016/3/1,Z302BYDV,1,0,0,2,0,0
2016/3/1,Z3029ACP,1,0,1,2,0,0
2016/3/1,Z304HSM6,0,0,0,0,0,0
2016/3/1,Z30250HS,1,0,0,0,24,24
2016/3/1,Z3059ELF,1,0,0,0,0,0
2016/3/1,Z304SJN2,0,0,0,0,0,0
2016/3/1,Z3014L7L,0,0,0,1,0,0
2016/3/1,Z300WKKJ,1,0,0,0,0,0
2016/3/2,S30112F6,0,0,0,0,0,0
2016/3/2,S300Z64R,0,0,0,0,0,0
2016/3/2,Z3029ACP,1,0,1,2,0,0
2016/3/2,Z302CZNG,0,0,0,0,0,0
2016/3/2,Z302BYDV,1,0,0,2,0,0
2016/3/2,Z3059ELF,1,0,1,0,0,0
2016/3/2,Z303KH9F,1,0,0,0,0,0
2016/3/2,Z304K487,0,0,0,0,0,0
2016/3/2,Z305B77F,0,0,0,0,0,0
2016/3/2,Z302SXZJ,0,0,0,0,0,0
2016/3/2,Z300X77H,0,0,0,0,0,0
2016/3/2,Z3051T04,0,0,0,0,0,0
2016/3/2,Z304HRXK,1,0,0,0,0,0
2016/3/2,S30070EH,0,0,0,0,0,0
2016/3/2,S301K7M7,0,0,0,0,0,0
2016/3/2,Z3015V3M,0,0,0,1,0,0
2016/3/2,Z30251KF,1,0,1,0,16,16
2016/3/2,Z300KF9Z,1,0,0,0,24,24
2016/3/2,Z303ESS3,1,0,0,0,0,0
2016/3/2,Z300SE8B,1,0,7,1,24,24
2016/3/2,Z30250HS,1,0,0,0,24,24
2016/3/2,Z300WKKJ,1,0,0,0,8,8
2016/3/2,Z300MQSA,0,0,0,0,0,0
2016/3/3,Z303KH9F,1,0,11,0,0,0
2016/3/3,Z304HRJC,0,0,0,0,0,0
2016/3/3,Z3015LFP,0,0,0,0,0,0
2016/3/3,W300CGGG,0,0,0,0,0,0
2016/3/3,Z304146C,0,0,0,0,0,0
2016/3/3,S300XB4V,0,0,0,0,0,0
2016/3/3,Z3024W0B,0,0,0,0,0,0
2016/3/3,Z305D6NP,0,0,0,0,0,0
2016/3/3,Z300MHLN,0,0,0,0,0,0
2016/3/3,Z300P8KT,1,0,2,0,16,16
2016/3/3,Z3041JH2,0,0,0,0,0,0
2016/3/3,S3010BCL,0,0,0,0,0,0
2016/3/3,Z304HRXK,1,0,0,0,24,24
2016/3/3,Z300KF9Z,1,0,0,0,24,24
2016/3/3,Z302BYDV,1,0,0,2,0,0
2016/3/3,Z30251KF,1,0,1,0,128,128
2016/3/3,Z303ESS3,1,0,0,0,0,0
2016/3/3,Z304KCCE,0,0,0,0,0,0
2016/3/3,Z300SE8B,1,0,7,1,24,24
2016/3/3,Z3058LG6,0,0,0,0,0,0
2016/3/3,Z3029ACP,1,0,1,2,0,0
2016/3/3,Z30250HS,1,0,0,0,32,32
2016/3/3,Z3057BLV,0,0,0,0,0,0
2016/3/3,Z3059ELF,1,0,1,0,0,0
2016/3/4,Z304HSEF,0,0,0,0,0,0
2016/3/4,W30059PQ,0,0,0,0,0,0
2016/3/4,S301GTFX,0,0,0,0,0,0
2016/3/4,Z3056X4X,0,0,0,0,0,0
2016/3/4,Z304LA0V,0,0,0,0,0,0
2016/3/4,W300JTG2,0,0,0,0,0,0
2016/3/4,Z300WY9W,0,0,0,0,0,0
2016/3/4,Z300SE8B,1,0,7,1,24,24
2016/3/4,Z302BYDV,1,0,0,2,0,0
2016/3/4,Z3029ACP,1,0,1,2,0,0
2016/3/4,Z305K238,1,0,0,0,0,0
2016/3/4,Z300KF9Z,1,0,0,0,24,24
2016/3/4,Z303ESS3,1,0,0,0,0,0
2016/3/4,Z3059ELF,1,0,1,0,0,0
2016/3/4,Z300GPAE,1,0,0,1,0,0
2016/3/4,Z300P8KT,1,0,2,0,16,16
2016/3/4,Z30576J2,0,0,0,0,0,0
2016/3/5,Z304KD21,0,0,0,0,0,0
2016/3/5,S300XJR7,0,0,0,0,0,0
2016/3/5,W30088T9,1,0,28,0,0,0
2016/3/5,Z304KCT7,0,0,0,0,0,0
2016/3/5,Z300KF9Z,1,0,0,0,32,32
2016/3/5,Z30570LY,0,0,0,0,0,0
2016/3/5,Z303ESS3,1,0,0,0,0,0
2016/3/5,S300Z4FQ,1,0,0,0,0,0
2016/3/5,Z305K238,1,0,0,0,0,0
2016/3/5,Z300P8KT,1,0,2,0,16,16
2016/3/5,Z300GPAE,1,0,0,1,0,0
2016/3/5,Z305D4E7,0,0,0,0,0,0
2016/3/5,Z304HLE8,0,0,0,0,0,0
2016/3/5,Z302B0WX,0,0,0,0,0,0
2016/3/5,Z305B6FM,0,0,0,0,0,0
2016/3/5,Z305GXMR,0,0,0,0,0,0
2016/3/5,Z30144Z9,0,0,0,0,0,0
2016/3/5,Z305PHLV,0,0,0,0,0,0
2016/3/5,Z3010TMR,0,0,0,0,0,0
2016/3/5,Z302520E,0,0,0,0,0,0
2016/3/5,S300Z5D2,0,0,0,0,0,0
2016/3/6,Z3016N1F,0,0,0,0,0,0
2016/3/6,Z300GPAE,1,0,0,1,0,0
2016/3/6,Z300P8KT,1,0,2,0,152,152
2016/3/6,Z305D60N,0,0,0,0,0,0
2016/3/6,W30088T9,1,0,28,0,0,0
2016/3/6,S300Z4FQ,1,0,0,0,0,0
2016/3/6,Z305K238,1,0,0,0,0,0
2016/3/6,W300SQH8,0,0,0,0,0,0
2016/3/6,Z305PZ9G,0,0,0,0,0,0
2016/3/6,S301M88K,0,0,0,0,0,0
2016/3/6,Z3026ZF2,0,0,0,0,0,0
2016/3/6,Z302FZVT,0,0,0,0,0,0
2016/3/7,Z302SZMP,0,0,0,0,0,0
2016/3/7,S300VLC1,0,0,0,0,0,0
2016/3/7,Z305GX2G,1,0,0,0,0,0
2016/3/7,Z3029ZNQ,0,0,0,0,0,0
2016/3/7,Z305K238,1,0,0,0,0,0
2016/3/7,S3003W81,0,0,0,0,0,0
2016/3/7,Z305DHFK,0,0,0,0,0,0
2016/3/7,W30088T9,1,0,28,0,0,0
2016/3/7,Z3041CNL,1,0,0,0,0,0
2016/3/7,Z300X6HN,1,0,0,0,0,0
2016/3/7,Z300XG18,0,0,0,0,0,0
2016/3/7,Z3059DM0,0,0,0,0,0,0
2016/3/7,Z304KBPH,1,0,0,0,24,24
2016/3/7,Z304JG7X,0,0,0,0,0,0
2016/3/7,Z304JFM7,0,0,0,0,0,0
2016/3/7,Z300GPAE,1,0,0,1,0,0
2016/3/7,Z3016L29,1,0,0,1,16,16
2016/3/7,S300Z4FQ,1,0,0,0,0,0
2016/3/7,Z303EZ7L,1,0,0,0,0,0
2016/3/8,S30114F7,0,0,0,0,0,0
2016/3/8,Z304HKFY,0,0,0,0,0,0
2016/3/8,Z304JR9J,0,0,0,0,0,0
2016/3/8,W300DZFV,0,0,0,1,0,0
2016/3/8,Z300GQ68,0,0,0,0,0,0
2016/3/8,W300STNQ,0,0,0,0,0,0
2016/3/8,S300Z4FQ,1,0,0,0,0,0
2016/3/8,Z303EZ7L,1,0,0,0,0,0
2016/3/8,Z305JT7Z,0,0,0,0,0,0
2016/3/8,Z300GYT5,1,0,0,0,8,8
2016/3/8,Z3041CNL,1,0,0,0,0,0
2016/3/8,Z300X6HN,1,0,0,0,0,0
2016/3/8,Z304KBPH,1,0,0,0,24,24
2016/3/8,W30088T9,1,0,28,0,0,0
2016/3/8,Z3016L29,1,0,0,1,16,16
2016/3/8,Z305GX2G,1,0,0,0,0,0
2016/3/9,Z304HQSH,0,0,0,0,0,0
2016/3/9,Z3051KPV,0,0,0,0,0,0
2016/3/9,Z3014NY1,0,0,0,0,0,0
2016/3/9,Z3059AHR,0,0,0,0,0,0
2016/3/9,S301GMPZ,0,0,0,0,0,0
2016/3/9,Z30251XD,0,0,0,3,0,0
2016/3/9,S300WF1A,0,0,0,0,0,0
2016/3/9,W300T08C,0,0,0,0,0,0
2016/3/9,Z304HSCC,0,0,0,0,0,0
2016/3/9,W300BM8M,1,0,0,0,24,24
2016/3/9,S30116F9,0,0,0,0,0,0
2016/3/9,Z300VBVV,1,2,0,0,6,6
2016/3/9,Z3016L29,1,0,0,1,16,16
2016/3/9,Z303EZ7L,1,0,0,0,0,0
2016/3/9,Z300GYT5,1,0,0,0,8,8
2016/3/9,Z304RBRN,0,0,0,0,0,0
2016/3/9,Z300X6HN,1,0,0,0,0,0
2016/3/9,Z304KBPH,1,0,0,0,24,24
2016/3/9,Z3024W3R,1,0,0,0,8,8
2016/3/9,Z305GX2G,1,0,0,0,0,0
2016/3/9,Z302AK09,0,0,0,0,0,0
2016/3/9,Z305B76Y,0,0,0,0,0,0
2016/3/9,Z3041CNL,1,0,0,0,0,0
2016/3/9,Z30259AE,0,0,0,0,0,0
2016/3/9,Z30149PP,0,0,0,0,0,0
2016/3/9,Z3015CBR,0,0,0,0,0,0
2016/3/10,Z304KC77,0,0,0,0,0,0
2016/3/10,Z3025931,0,0,0,0,0,0
2016/3/10,Z302528D,0,0,0,0,0,0
2016/3/10,Z3029FFR,0,0,0,0,0,0
2016/3/10,S300YSEF,0,0,0,0,0,0
2016/3/10,Z30259GY,0,0,0,0,0,0
2016/3/10,Z300Z60X,0,0,0,0,0,0
2016/3/10,Z300GZE3,1,10,0,0,6,6
2016/3/10,Z302SZBV,0,0,0,0,0,0
2016/3/10,Z305GX2G,1,0,0,0,0,0
2016/3/10,Z302SYT1,0,0,0,0,0,0
2016/3/10,Z3012LYN,0,0,0,0,0,0
2016/3/10,Z300WQ29,0,0,0,0,0,0
2016/3/10,Z304KBPH,1,0,0,0,24,24
2016/3/10,Z300X6HN,1,0,0,0,408,408
2016/3/10,Z304L9P6,0,0,0,0,0,0
2016/3/10,Z3041CNL,1,0,0,0,0,0
2016/3/10,S30112B1,0,0,0,2,0,0
2016/3/10,Z300GYT5,1,0,0,0,8,8
2016/3/10,Z303EZ7L,1,0,0,0,0,0
2016/3/10,W300BM8M,1,0,18,0,0,0
2016/3/10,Z300KK2R,1,0,0,1,0,0
2016/3/10,Z3016L29,1,0,0,1,24,24
2016/3/10,Z300VBVV,1,2,0,0,6,6
2016/3/10,Z3024W3R,1,0,0,0,8,8
2016/3/11,Z300GZE3,1,10,0,0,6,6
2016/3/11,S300Z7LY,0,0,0,0,0,0
2016/3/11,S301GM5Y,0,0,0,0,0,0
2016/3/11,Z3023X1H,1,0,0,0,0,0
2016/3/11,Z30149S4,0,0,0,0,0,0
2016/3/11,Z3024W3R,1,0,0,0,24,24
2016/3/11,Z302G0Q9,0,0,0,0,0,0
2016/3/11,Z300X5WX,1,0,0,0,16,16
2016/3/11,Z300GYT5,1,0,0,0,24,24
2016/3/11,W300BM8M,1,0,18,0,0,0
2016/3/11,Z300KK2R,1,0,0,1,0,0
2016/3/11,Z300VBVV,1,2,0,0,6,6
2016/3/12,Z300ZV5P,0,0,0,0,0,0
2016/3/12,S300Z7XF,0,0,0,0,0,0
2016/3/12,Z3024W2S,0,0,0,0,0,0
2016/3/12,Z300VBVV,1,2,0,0,6,6
2016/3/12,W300SR3X,1,0,0,0,0,0
2016/3/12,W300BM8M,1,0,18,0,0,0
2016/3/12,S30114ZK,0,0,0,1,0,0
2016/3/12,S301GQKF,0,0,0,0,0,0
2016/3/12,Z300WFRD,0,0,0,0,0,0
2016/3/12,Z3023X1H,1,0,0,0,0,0
2016/3/12,Z3024W3R,1,0,0,0,24,24
2016/3/12,Z300GZE3,1,10,0,0,22,22
2016/3/12,Z300KK2R,1,0,0,1,0,0
2016/3/12,Z300X5WX,1,0,0,0,32,32
2016/3/13,Z304EMJ2,0,0,0,0,0,0
2016/3/13,Z300X5WX,1,0,0,0,32,32
2016/3/13,Z3023X1H,1,0,0,0,0,0
2016/3/13,S300Z7ND,0,0,0,0,0,0
2016/3/13,Z305M1KV,1,0,0,0,0,0
2016/3/13,W300SR3X,1,0,0,0,0,0
2016/3/13,Z300GZE3,1,10,0,0,102,102
2016/3/13,Z300KK2R,1,0,0,1,120,120
2016/3/13,Z300KGVE,0,0,0,0,0,0
2016/3/13,S300YRYE,1,0,0,0,0,0
2016/3/13,Z30462NE,0,0,0,0,0,0
2016/3/13,W300SX4T,0,0,0,0,0,0
2016/3/13,Z3016PFX,0,0,0,0,0,0
2016/3/13,S301GNER,0,0,0,0,0,0
2016/3/13,S300Z4P6,0,0,0,0,0,0
2016/3/13,W300H3JH,0,0,0,0,0,0
2016/3/14,W300SR3X,1,0,0,0,0,0
2016/3/14,Z300X5WX,1,0,0,0,0,0
2016/3/14,Z3023X1H,1,0,8,0,24,24
2016/3/14,Z303R6E9,0,0,0,0,0,0
2016/3/14,S300YRYE,1,0,0,0,0,0
2016/3/14,Z30111LB,0,0,0,0,0,0
2016/3/14,Z30106DQ,0,0,0,6,0,0
2016/3/14,Z305896V,1,0,0,0,32,32
2016/3/14,S300YSEW,0,0,0,0,0,0
2016/3/14,Z3059HNS,0,0,0,0,0,0
2016/3/14,Z305M1KV,1,0,0,0,0,0
2016/3/15,Z305D2H5,0,0,0,0,0,0
2016/3/15,Z304JA9T,0,0,0,0,0,0
2016/3/15,S300YSH0,0,0,0,0,0,0
2016/3/15,Z3059JNV,0,0,0,0,0,0
2016/3/15,S3010MC8,0,0,0,0,0,0
2016/3/15,Z30251QW,0,0,0,0,0,0
2016/3/15,W30061M8,1,0,0,1,0,0
2016/3/15,Z305896V,1,0,0,0,40,40
2016/3/15,Z30262V9,0,528,1,0,0,0
2016/3/15,Z304HRAA,0,0,0,0,0,0
2016/3/15,S3010MDM,0,0,0,0,0,0
2016/3/15,W300SR3X,1,0,0,0,8,8
2016/3/15,Z305M1KV,1,0,0,0,0,0
2016/3/15,S300YRYE,1,0,0,0,0,0
2016/3/15,Z3029AKV,1,0,0,0,0,0
2016/3/15,Z300XE9J,0,0,0,0,0,0
2016/3/16,Z3015BRZ,0,0,0,0,0,0
2016/3/16,Z304L9WX,0,0,0,0,0,0
2016/3/16,Z305GWMN,0,0,0,0,0,0
2016/3/16,S300XA90,0,0,0,0,0,0
2016/3/16,W3004ZJB,0,0,0,0,0,0
2016/3/16,Z3029AKV,1,0,0,0,0,0
2016/3/16,W30061M8,1,0,0,1,0,0
2016/3/16,S300YRYE,1,0,0,0,0,0
2016/3/16,Z300V54S,0,0,0,0,0,0
2016/3/16,Z305M1KV,1,0,0,0,0,0
2016/3/16,W300CXVM,0,0,0,0,0,0
2016/3/16,Z300PB6Y,0,0,0,0,0,0
2016/3/16,Z305896V,1,0,0,0,40,40
2016/3/16,W3004YBF,0,0,0,0,0,0
2016/3/16,S3010LLY,0,0,0,0,0,0
2016/3/16,Z300XCM1,0,0,0,0,0,0
2016/3/16,Z3029AJC,0,0,0,0,0,0
2016/3/16,Z302B11W,0,0,0,0,0,0
2016/3/17,S300Z78W,0,0,0,0,0,0
2016/3/17,Z302SYW9,0,0,0,0,0,0
2016/3/17,W30061M8,1,0,0,1,1200,1200
2016/3/17,Z3014PKE,0,0,0,0,0,0
2016/3/17,Z300KHJM,1,0,0,0,8,8
2016/3/17,Z305896V,1,0,1,0,40,40
2016/3/17,W300B6GF,1,0,0,0,8,8
2016/3/17,Z30251W2,0,0,0,2,0,0
2016/3/17,Z3015H5X,0,0,0,0,0,0
2016/3/17,Z3029AKV,1,0,0,0,0,0
2016/3/17,Z302AKCB,0,0,0,0,0,0
2016/3/18,Z300H212,0,0,0,0,0,0
2016/3/18,Z305BCH2,1,0,0,0,0,0
2016/3/18,Z304JLCE,0,0,0,0,0,0
2016/3/18,Z305D66L,0,0,0,0,0,0
2016/3/18,Z300KHJM,1,0,0,0,8,8
2016/3/18,W30061M8,1,280,0,1,2672,2672
2016/3/18,Z305D34N,0,0,0,0,0,0
2016/3/18,Z304JWB2,0,0,0,0,0,0
2016/3/18,Z3029AKV,1,0,0,0,0,0
2016/3/18,Z303XZ4E,0,0,0,2,0,0
2016/3/18,Z3015JAX,0,0,0,0,0,0
2016/3/18,Z3011F9X,0,0,0,0,0,0
2016/3/18,W300B6GF,1,0,0,0,8,8
2016/3/18,Z305DV4B,1,0,0,0,0,0
2016/3/18,Z302AKCX,0,0,0,0,0,0
2016/3/18,Z3025WF0,0,0,0,0,0,0
2016/3/18,Z300PMLJ,0,0,0,0,0,0
2016/3/18,Z300X1SB,1,480,0,0,0,0
2016/3/19,S3010N7F,0,0,0,0,0,0
2016/3/19,Z300KHJM,1,0,0,0,40,40
2016/3/19,Z3015LHQ,0,0,0,0,0,0
2016/3/19,Z305PHCL,0,0,0,0,0,0
2016/3/19,Z3011WXL,1,0,0,0,0,0
2016/3/19,Z304R5WD,1,0,0,0,0,0
2016/3/19,S300Z61P,1,0,0,0,0,0
2016/3/19,W300B6GF,1,0,0,0,8,8
2016/3/19,Z305D50W,1,0,1,0,0,0
2016/3/19,Z300X1SB,1,576,0,0,0,0
2016/3/19,Z305BCH2,1,0,0,0,0,0
2016/3/19,Z300XC4P,0,0,0,0,0,0
2016/3/19,Z305DV4B,1,0,0,0,0,0
2016/3/19,Z3025LP5,0,0,0,0,0,0
2016/3/19,Z304KAHY,0,0,0,0,0,0
2016/3/19,W300T0AM,0,0,0,0,0,0
2016/3/19,Z305AR0N,0,0,0,0,0,0
2016/3/19,Z305AT4C,0,0,0,0,0,0
2016/3/19,W300ADK9,0,0,0,0,0,0
2016/3/19,S301M8SX,0,0,0,0,0,0
2016/3/19,S300VKYT,0,0,0,0,0,0
2016/3/19,Z304HV51,0,0,0,0,0,0
2016/3/20,Z300GZEQ,1,0,0,0,0,0
2016/3/20,Z3015BZG,1,0,1,0,8,8
2016/3/20,Z302SYJJ,0,0,0,0,0,0
2016/3/20,S300Z61P,1,0,0,0,0,0
2016/3/20,Z305BCH2,1,0,0,0,0,0
2016/3/20,Z300WJP9,1,0,0,0,16,16
2016/3/20,W300E0B9,0,0,0,0,0,0
2016/3/20,Z304R5WD,1,0,0,0,0,0
2016/3/20,Z3016P4M,0,0,0,0,0,0
2016/3/20,Z3011WXL,1,0,0,0,0,0
2016/3/20,Z300X1SB,1,600,0,0,0,0
2016/3/20,Z305D50W,1,0,1,0,0,0
2016/3/20,Z305G5Y9,1,0,0,0,0,0
2016/3/20,W300B6GF,1,0,0,0,80,80
2016/3/20,S3011021,0,0,0,0,0,0
2016/3/20,S300ZRKB,0,0,0,0,0,0
2016/3/20,Z300KHJM,1,0,0,0,40,40
2016/3/20,Z305D4Z8,0,0,0,0,0,0
2016/3/20,Z305DV4B,1,0,0,0,0,0
2016/3/20,Z3010BDX,0,0,0,0,0,0
2016/3/20,Z304HKHQ,0,0,0,0,0,0
2016/3/20,Z302EP7C,0,0,0,2,0,0
2016/3/20,Z300ZRMV,0,0,0,0,0,0
2016/3/21,Z304R5WD,1,0,0,0,0,0
2016/3/21,Z300MYG4,0,0,0,0,0,0
2016/3/21,Z304KCSA,0,0,0,0,0,0
2016/3/21,Z3059YCK,0,0,0,0,0,0
2016/3/21,Z304KCFE,0,0,0,0,0,0
2016/3/21,Z302522Q,0,0,0,0,0,0
2016/3/21,Z3011WXL,1,0,0,0,0,0
2016/3/21,Z30149S0,1,0,0,1,0,0
2016/3/21,Z300PLZS,0,0,0,4295032833,0,0
2016/3/21,S30107BC,0,0,0,0,0,0
2016/3/21,Z300GZEQ,1,0,0,0,0,0
2016/3/21,Z300XDXH,0,0,0,0,0,0
2016/3/21,Z305G5Y9,1,0,0,0,0,0
2016/3/21,S300Z5MK,0,0,0,0,0,0
2016/3/21,Z300X1SB,1,720,1,0,0,0
2016/3/21,Z300WJP9,1,0,0,0,16,16
2016/3/21,W300FQY9,1,0,0,0,0,0
2016/3/21,Z305D50W,1,0,1,0,0,0
2016/3/21,Z305BCH2,1,0,0,0,0,0
2016/3/21,Z305DV4B,1,0,3,0,24,24
2016/3/21,S300Z61P,1,0,0,0,8,8
2016/3/21,Z300WP2M,1,0,1,0,0,0
2016/3/21,Z3026ZFB,0,0,0,1,0,0
2016/3/21,Z3015BZG,1,0,1,0,8,8
2016/3/22,Z300W5Y8,0,0,0,0,0,0
2016/3/22,Z300WJP9,1,0,0,0,16,16
2016/3/22,Z3057AJL,0,0,0,0,0,0
2016/3/22,Z3011WXL,1,0,0,0,0,0
2016/3/22,Z3015BZG,1,0,1,0,8,8
2016/3/22,W300FQY9,1,0,0,0,0,0
2016/3/22,Z30149S0,1,0,0,1,0,0
2016/3/22,Z300GZEQ,1,0,0,0,0,0
2016/3/22,S300VLLQ,1,0,0,0,0,0
2016/3/22,Z304R5WD,1,0,0,0,0,0
2016/3/22,W300BH2N,0,0,0,0,0,0
2016/3/22,Z300W5DP,0,0,0,0,0,0
2016/3/22,S300Z61P,1,8,0,0,56,56
2016/3/22,Z305APE3,0,0,0,0,0,0
2016/3/22,Z305EV7K,0,0,0,0,0,0
2016/3/22,Z305D6TV,0,0,0,0,0,0
2016/3/22,Z305HJZM,0,0,0,0,0,0
2016/3/22,Z303Q18P,1,0,0,0,0,0
2016/3/22,Z305G5Y9,1,0,0,0,0,0
2016/3/22,Z305D50W,1,0,1,0,0,0
2016/3/22,Z305ACS8,0,0,0,0,0,0
2016/3/22,Z30178RA,0,0,0,2,0,0
2016/3/22,Z300WP2M,1,0,1,0,0,0
2016/3/23,Z305DVVA,0,0,0,0,0,0
2016/3/23,Z303Q18P,1,0,0,0,0,0
2016/3/23,Z300XGCB,0,0,0,0,0,0
2016/3/23,Z305NDX3,1,0,0,0,0,0
2016/3/23,Z300P8WN,0,0,0,0,0,0
2016/3/23,Z304HS80,0,0,0,0,0,0
2016/3/23,S301KXZY,0,0,0,0,0,0
2016/3/23,Z3015LB1,0,0,0,0,0,0
2016/3/23,W300DYF2,0,0,0,0,0,0
2016/3/23,Z305G5Y9,1,0,0,0,0,0
2016/3/23,Z30252C7,1,0,0,0,16,16
2016/3/23,S301GR1G,0,0,0,0,0,0
2016/3/23,Z30149S0,1,0,0,1,0,0
2016/3/23,Z300GZEQ,1,0,0,0,0,0
2016/3/23,Z3015BZG,1,0,1,0,8,8
2016/3/23,Z300WP2M,1,0,1,0,0,0
2016/3/23,Z3025M9A,0,0,0,0,0,0
2016/3/23,S300VLLQ,1,0,0,0,0,0
2016/3/23,Z300WCSK,0,0,0,0,0,0
2016/3/23,W300FQY9,1,0,0,0,0,0
2016/3/23,Z300WJP9,1,0,0,0,24,24
2016/3/23,Z302B0VK,0,0,0,0,0,0
2016/3/24,Z3055JAW,0,0,0,0,0,0
2016/3/24,Z30252C7,1,0,0,0,24,24
2016/3/24,Z30149S0,1,0,0,1,0,0
2016/3/24,Z304HT2Z,0,0,0,0,0,0
2016/3/24,Z305GVK2,0,0,0,0,0,0
2016/3/24,Z305BPFT,0,0,0,0,0,0
2016/3/24,S300VLLQ,1,0,0,0,0,0
2016/3/24,W300H5GA,0,0,0,0,0,0
2016/3/24,Z300WP2M,1,0,1,0,0,0
2016/3/24,Z305JFY3,0,0,0,0,0,0
2016/3/24,Z300GQGH,0,0,0,0,0,0
2016/3/24,W300FQY9,1,0,0,0,0,0
2016/3/24,Z303Q18P,1,0,0,0,0,0
2016/3/24,W300BH4V,0,0,0,0,0,0
2016/3/24,Z305D4WS,0,0,0,0,0,0
2016/3/24,Z3059LHJ,0,0,0,0,0,0
2016/3/24,Z305NDX3,1,0,0,0,0,0
2016/3/26,Z30232EA,0,0,0,0,0,0
2016/3/26,Z302SX7J,0,0,0,0,0,0
2016/3/26,Z304JWCX,0,0,0,0,0,0
2016/3/26,Z30111BF,0,0,0,0,0,0
2016/3/26,Z3016SYB,0,0,3,0,0,0
2016/3/26,Z305D641,1,0,0,0,0,0
2016/3/26,Z30252C7,1,0,0,0,32,32
2016/3/26,S300VLPC,0,0,0,0,0,0
2016/3/26,Z3025CF5,0,0,0,0,0,0
2016/3/27,Z30250F5,1,0,0,0,0,0
2016/3/27,Z305D641,1,0,0,0,0,0
2016/3/27,Z300GPA1,1,0,0,0,16,16
2016/3/27,S300XBC5,0,0,0,0,0,0
2016/3/27,Z305BKD4,0,0,0,0,0,0
2016/3/27,Z302S9W3,0,0,0,0,0,0
2016/3/27,Z304KCYE,0,0,0,0,0,0
2016/3/27,W3001MFP,0,0,0,0,0,0
2016/3/27,Z3016PPC,0,0,0,0,0,0
2016/3/27,Z3016SZJ,0,0,0,0,0,0
2016/3/27,Z304WVKW,0,0,0,0,0,0
2016/3/27,Z3058TQY,0,0,0,0,0,0
2016/3/27,Z305D2SR,0,0,0,0,0,0
2016/3/28,Z305D641,1,0,16,0,8,8
2016/3/28,Z3015JNX,0,0,0,0,0,0
2016/3/28,Z3025WC3,0,0,0,0,0,0
2016/3/28,Z300GPA1,1,0,0,0,16,16
2016/3/28,W300R7NH,0,0,0,0,0,0
2016/3/28,Z3014DWH,0,0,0,0,0,0
2016/3/28,Z304KCC1,0,0,0,0,0,0
2016/3/28,Z300CNRA,0,0,0,0,0,0
2016/3/28,Z30250F5,1,0,0,0,0,0
2016/3/28,Z300GQ8F,0,0,0,0,0,0
2016/3/28,S301JLE2,1,0,0,0,0,0
2016/3/28,S30116CX,0,0,0,0,0,0
2016/3/29,S301JLE2,1,0,0,0,0,0
2016/3/29,S301KWX2,0,0,0,0,0,0
2016/3/29,Z300GPA1,1,0,0,0,32,32
2016/3/29,Z3029EZH,0,0,0,1,0,0
2016/3/29,W300BZ7H,0,0,0,0,0,0
2016/3/29,Z30111AX,0,0,0,8,0,0
2016/3/29,Z302B0W5,0,0,0,0,0,0
2016/3/29,Z30250F5,1,0,0,0,0,0
2016/3/30,Z305GFJE,0,0,0,0,0,0
2016/3/30,Z3015C7Q,0,0,0,0,0,0
2016/3/30,Z304KCVG,0,0,0,0,0,0
2016/3/30,Z305B70A,0,0,0,0,0,0
2016/3/30,Z30250F5,1,0,0,0,32,32
2016/3/30,Z300GPA1,1,0,0,0,32,32
2016/3/30,Z3023XMV,0,0,0,0,0,0
2016/3/30,Z302F4KA,0,0,0,0,0,0
2016/3/30,Z30587HE,0,0,0,0,0,0
2016/3/30,Z304HZJT,0,0,0,0,0,0
2016/3/30,S301JLE2,1,0,0,0,0,0
2016/3/30,Z300NR4W,0,0,0,0,0,0
2016/3/31,S301JLE2,1,0,0,0,16,16
2016/3/31,S300Z6DC,0,0,0,0,0,0
2016/3/31,S30070PP,0,0,0,0,0,0
2016/3/31,S300Z6TS,0,0,0,0,0,0
2016/3/31,Z304KC4M,0,0,0,0,0,0
2016/3/31,Z304KBQV,0,0,0,0,0,0
2016/3/31,S300Z567,0,0,0,0,0,0
2016/3/31,Z305KBDY,0,0,0,0,0,0
2016/3/31,S300X3VR,0,0,0,0,0,0
2016/3/31,Z305D62H,0,0,0,0,0,0
2016/3/31,S30112GG,0,0,0,0,0,0
2016/3/25,Z304HSPN,0,0,0,0,0,0
2016/3/25,Z305BF4X,0,0,0,0,0,0
2016/3/25,Z3053897,0,0,0,0,0,0
2016/3/25,Z305D615,0,0,0,0,0,0
2016/3/25,Z305D641,1,0,0,0,0,0
2016/3/25,S301GNNK,0,0,0,0,0,0
2016/3/25,Z30252C7,1,0,0,0,24,24
2016/3/25,S300VLLQ,1,0,0,0,0,0
2016/3/25,Z303Q18P,1,0,0,0,40,40
2016/3/25,Z300X74C,0,0,0,0,0,0
2016/3/25,Z302SW0E,0,0,0,0,0,0
2016/3/25,Z302DKHE,0,0,0,0,0,0
2016/3/25,Z3025R22,0,0,0,0,0,0
2016/3/25,Z302FD3V,0,0,0,1,0,0
2016/3/25,Z3058W1K,0,0,0,0,0,0
2016/3/25,Z3025113,0,0,0,0,0,0
2016/3/25,S300ZQMT,0,0,0,0,0,0